{"cameraMode":{"drawMode":0,"name":"Shaded","section":"Shading Mode"},"sceneLighting":true,"audioPlay":false,"sceneViewState":{"m_AlwaysRefresh":false,"showFog":true,"showSkybox":true,"showFlares":true,"showImageEffects":true,"showParticleSystems":true,"showVisualEffectGraphs":true,"m_FxEnabled":true},"in2DMode":false,"pivot":{"x":26.635494232177736,"y":-13.961194038391114,"z":-2.5905189514160158},"rotation":{"x":-0.21776488423347474,"y":-0.6164623498916626,"z":0.18282370269298554,"w":-0.7342658042907715},"size":35.92555618286133,"orthographic":false}